Date,Titre,Candidat,lien
15/02/19,Louga : Madické Niang s'est laissé aller avec le slogan «Töth na!»,Madické Niang,https://www.dakaractu.com/Louga-Madicke-Niang-s-est-laisse-aller-avec-le-slogan-Toth-na_a165473.html
15/02/19,"Duo Madické Niang-Massaly : Quand le premier coupe des oignons, c ...",Madické Niang,https://www.dakaractu.com/Duo-Madicke-Niang-Massaly-Quand-le-premier-coupe-des-oignons-c-est-le-second-qui-pleure_a165521.html
15/02/19,Louga : Madické Niang promet un ministère de souveraineté chargé ...,Madické Niang,https://www.dakaractu.com/Louga-Madicke-Niang-promet-un-ministere-de-souverainete-charge-des-affaires-religieuses-et-des-cultes_a165474.html
15/02/19,Me Madické Niang : « Le régime de Macky Sall a foulé au pied la paix ...,Madické Niang,https://www.dakaractu.com/Me-Madicke-Niang-Le-regime-de-Macky-Sall-a-foule-au-pied-la-paix-sociale_a165480.html
15/02/19,Propriété du sol et artisanat : Madické Niang s'attaque aux problèmes ...,Madické Niang,https://www.dakaractu.com/Propriete-du-sol-et-artisanat-Madicke-Niang-s-attaque-aux-problemes-du-foncier_a165539.html
14/02/19,Fatick : Madické Niang défie le président Macky Sall sur ses terres,Madické Niang,https://www.dakaractu.com/Fatick-Madicke-Niang-defie-le-president-Macky-Sall-sur-ses-terres_a165397.html
14/02/19,"Gossas : Madické Niang tacle Boun Abdallah Dionne, qui « n'a rien ...",Madické Niang,https://www.dakaractu.com/Gossas-Madicke-Niang-tacle-Boun-Abdallah-Dionne-qui-%C2%A0n-a-rien-fait-pour-le-departement%C2%A0_a165401.html
13/02/19,Kaffrine : Madické Niang chez le Khalife de la famille Bousso de ...,Madické Niang,https://www.dakaractu.com/Kaffrine-Madicke-Niang-chez-le-Khalife-de-la-famille-Bousso-de-Mbirkilane_a165378.html
13/02/19,Kaffrine : Me Madické Niang promet d'inverser la courbe de ...,Madické Niang,https://www.dakaractu.com/Kaffrine-Me-Madicke-Niang-promet-d-inverser-la-courbe-de-developpement-du-Senegal_a165344.html
13/02/19,Sécurité : Le convoi de Madické Niang sous bonne escorte des ...,Madické Niang,https://www.dakaractu.com/Securite-Le-convoi-de-Madicke-Niang-sous-bonne-escorte-des-elements-du-GMI_a165382.html
12/02/19,Madické Niang s'est recueilli devant la tombe de Sidy Lamine Niass,Madické Niang,https://www.dakaractu.com/Madicke-Niang-s-est-recueilli-devant-la-tombe-de-Sidy-Lamine-Niass_a165247.html
12/02/19,Violence électorale : Madické Niang demande au procureur de ...,Madické Niang,https://www.dakaractu.com/Violence-electorale-Madicke-Niang-demande-au-procureur-de-prendre-ses-responsabilites_a165248.html
12/02/19,Saloum : Me Madické Niang parle de «routes cahoteuses» et confirme ...,Madické Niang,https://www.dakaractu.com/Saloum-Me-Madicke-Niang-parle-de-routes-cahoteuses-et-confirme-ses-promesses-de-dotation-pour-les-communes_a165320.html
11/02/19,Campagne : Madické Niang très présent sur le terrain de l'humour,Madické Niang,https://www.dakaractu.com/Campagne-Madicke-Niang-tres-present-sur-le-terrain-de-l-humour_a165186.html
10/02/19,Ziguinchor : Me Madické Niang auditionné sur ses pistes de résolution ...,Madické Niang,https://www.dakaractu.com/Ziguinchor-Me-Madicke-Niang-auditionne-sur-ses-pistes-de-resolution-du-conflit-en-Casamance_a165105.html
10/02/19,Me Madické Niang : « J'irai à la rencontre de Me Abdoulaye Wade une ...,Madické Niang,https://www.dakaractu.com/Me-Madicke-Niang-%C2%A0J-irai-a-la-rencontre-de-Me-Abdoulaye-Wade-une-fois-a-Dakar%C2%A0_a165102.html
10/02/19,"Ziguinchor, Oussouye, Niaguiss, Adéane... : Me Madické Niang a ...",Madické Niang,https://www.dakaractu.com/Ziguinchor-Oussouye-Niaguiss-Adeane-Me-Madicke-Niang-a-sillonne-la-Basse-Casamance_a165124.html
10/02/19,"Laser du lundi : Abdoulaye Wade crée l'électrochoc, Madické Niang ...",Madické Niang,https://www.dakaractu.com/Laser-du-lundi-Abdoulaye-Wade-cree-l-electrochoc-Madicke-Niang-sauve-les-meubles-et-Ousmane-Sonko-reste-songeur-Par_a165141.html
10/02/19,"Me Madické Niang a rencontré Sibiloumbaye Diédhiou, le roi d ...",Madické Niang,https://www.dakaractu.com/Me-Madicke-Niang-a-rencontre-Sibiloumbaye-Diedhiou-le-roi-d-Oussouye_a165113.html
09/02/19,"Dotation de 500 millions à 1,5 milliard : Me Madické Niang promet des ...",Madické Niang,https://www.dakaractu.com/Dotation-de-500-millions-a-15-milliard-Me-Madicke-Niang-promet-des-aides-aux-collectivites-locales_a165059.html
09/02/19,Projet de société « Diam ak kheweul » de Me Madické Niang candidat ...,Madické Niang,https://www.dakaractu.com/Projet-de-societe-%C2%A0Diam-ak-kheweul%C2%A0-de-Me-Madicke-Niang-candidat-de-la-%C2%A0Coalition-Madicke-2019%C2%A0_a165019.html
09/02/19,"« La paix en Casamance, mon premier chantier » (Me Madické Niang)",Madické Niang,https://www.dakaractu.com/%C2%A0La-paix-en-Casamance-mon-premier-chantier%C2%A0-Me-Madicke-Niang_a165085.html
09/02/19,"Portrait d'un candidat (2) : Madické Niang, l'imprévu sort du lot",Madické Niang,https://www.dakaractu.com/Portrait-d-un-candidat-2-Madicke-Niang-l-imprevu-sort-du-lot_a165056.html
09/02/19,SÉDHIOU : La forte mobilisation du candidat Madické Niang (IMAGES),Madické Niang,https://www.dakaractu.com/SEDHIOU-La-forte-mobilisation-du-candidat-Madicke-Niang-IMAGES_a165075.html
09/02/19,Me Madické Niang : « C'est moi qui avais signé les accords pour la ...,Madické Niang,https://www.dakaractu.com/Me-Madicke-Niang-%C2%A0C-est-moi-qui-avais-signe-les-accords-pour-la-construction-du-point-de-Farafegny%C2%A0_a165084.html
08/02/19,Me Madické Niang : « Les points-clés de mon programme pour Kolda »,Madické Niang,https://www.dakaractu.com/Me-Madicke-Niang-Les-points-cles-de-mon-programme-pour-Kolda_a164997.html
08/02/19,TOUBA/ L'honorable député Sadaga ' démontre ' pourquoi « Idrissa ...,Madické Niang,https://www.dakaractu.com/TOUBA-L-honorable-depute-Sadaga-demontre-pourquoi-%C2%A0Idrissa-Seck-Me-Madicke-Niang-et-Sonko-ne-gagneront-jamais-dans-la_a164914.html
08/02/19,Vélingara : Me Madické Niang en visite à la résidence Cheikh ...,Madické Niang,https://www.dakaractu.com/Velingara-Me-Madicke-Niang-en-visite-a-la-residence-Cheikh-Ahmadou-Bamba_a164957.html
08/02/19,Me Madické Niang appelle le président Macky Sall à un débat public.,Madické Niang,https://www.dakaractu.com/Me-Madicke-Niang-appelle-le-president-Macky-Sall-a-un-debat-public_a164932.html
07/02/19,"Me Madické Niang : ""Je ne parlerai plus de Abdoulaye Wade""",Madické Niang,https://www.dakaractu.com/Me-Madicke-Niang-Je-ne-parlerai-plus-de-Abdoulaye-Wade_a164860.html
07/02/19,Madické Niang à Tambacounda : « Vous avez toutes les raisons de ...,Madické Niang,https://www.dakaractu.com/Madicke-Niang-a-Tambacounda-%C2%A0Vous-avez-toutes-les-raisons-de-tourner-le-dos-a-Macky-Sall%C2%A0_a164839.html
07/02/19,Kédougou : Me Madické Niang accuse le régime de Macky Sall d'avoir ...,Madické Niang,https://www.dakaractu.com/Kedougou-Me-Madicke-Niang-accuse-le-regime-de-Macky-Sall-d-avoir-detourne-l-argent-du-Fonds-social-minier_a164889.html
06/02/19,Tambacounda : Me Madické Niang raille Macky Sall et expose les ...,Madické Niang,https://www.dakaractu.com/Tambacounda-Me-Madicke-Niang-raille-Macky-Sall-et-expose-les-mesures-phares-de-son-projet-de-societe_a164782.html
05/02/19,"Me Madické Niang : ""Travailler pour Macky Sall, ce serait trahir la ...",Madické Niang,https://www.dakaractu.com/Me-Madicke-Niang-Travailler-pour-Macky-Sall-ce-serait-trahir-la-communaute-mouride-Je-serai-elu-president-a-l-issue-du_a164640.html
05/02/19,"Ourossogui : Me Madické Niang s'est posé en avocat de la ""cause ...",Madické Niang,https://www.dakaractu.com/Ourossogui-Me-Madicke-Niang-s-est-pose-en-avocat-de-la-cause-religieuse-chez-Thierno-Aliou-Thiam_a164669.html
05/02/19,Me Madické Niang : « Mes ambitions pour faire de Linguère une ville ...,Madické Niang,https://www.dakaractu.com/Me-Madicke-Niang-%C2%A0Mes-ambitions-pour-faire-de-Linguere-une-ville-moderne%C2%A0_a164638.html
04/02/19,MBACKE- Les images du meeting d'ouverture de Me Madické Niang,Madické Niang,https://www.dakaractu.com/MBACKE-Les-images-du-meeting-d-ouverture-de-Me-Madicke-Niang_a164532.html
04/02/19,"Réplique à Abdoulaye Wade : Me Madické Niang ""ne cherche pas le ...",Madické Niang,https://www.dakaractu.com/Replique-a-Abdoulaye-Wade-Me-Madicke-Niang-ne-cherche-pas-le-soutien-du-pape-du-Sopi_a164602.html
04/02/19,Programme : Quelques mesures phares du projet de société de Me ...,Madické Niang,https://www.dakaractu.com/Programme-Quelques-mesures-phares-du-projet-de-societe-de-Me-Madicke-Niang_a164573.html
04/02/19,Kaolack : Madické Niang pêche dans les eaux de l'APR - Dakaractu,Madické Niang,https://www.dakaractu.com/Kaolack-Madicke-Niang-peche-dans-les-eaux-de-l-APR_a164574.html
03/02/19,"Me Madické Niang démarre sa campagne à Porokhane, puis Touba ...",Madické Niang,https://www.dakaractu.com/Me-Madicke-Niang-demarre-sa-campagne-a-Porokhane-puis-Touba-meeting-d-ouverture-a-Mbacke_a164480.html
03/02/19,Touba : Me Madické Niang reçu par le khalife général des mourides,Madické Niang,https://www.dakaractu.com/Touba-Me-Madicke-Niang-recu-par-le-khalife-general-des-mourides_a164508.html
03/02/19,Me MADICKÉ NIANG EN MEETING À MBACKÉ : 'Macky a fui la ...,Madické Niang,https://www.dakaractu.com/Me-MADICKE-NIANG-EN-MEETING-A-MBACKE-Macky-a-fui-la-confrontation-Les-Senegalais-souffrent-dans-leur-chair_a164530.html
03/02/19,Campagne électorale : Me Madické Niang entame par un ... - Dakaractu,Madické Niang,https://www.dakaractu.com/Campagne-electorale-Me-Madicke-Niang-entame-par-un-deplacement-a-Porokhane-sans-les-journalistes_a164501.html
03/02/19,Meeting d'ouverture : Madické Niang défie le président Macky Sall à ...,Madické Niang,https://www.dakaractu.com/Meeting-d-ouverture-Madicke-Niang-defie-le-president-Macky-Sall-a-Mbacke_a164524.html
03/02/19,Présidentielle 2019 : Planning de campagne du candidat Madické ...,Madické Niang,https://www.dakaractu.com/Presidentielle-2019-Planning-de-campagne-du-candidat-Madicke-Niang-DOCUMENT_a164513.html
15/02/19,Présidentielle 2019 : Macky Sall avertit Me Wade : « L'Etat prendra ...,Macky Sall,https://www.dakaractu.com/Presidentielle-2019-Macky-Sall-avertit-Me-Wade-%C2%A0L-Etat-prendra-toutes-ses-responsabilites%C2%A0_a165547.html
15/02/19,Campagne : Mouhamadou Massaly accuse Macky Sall de vouloir ...,Macky Sall,https://www.dakaractu.com/Campagne-Mouhamadou-Massaly-accuse-Macky-Sall-de-vouloir-voler-l-election-presidentielle_a165512.html
15/02/19,Présidentielle 2019/Emploi des jeunes : « Macky Sall a créé 491 000 ...,Macky Sall,https://www.dakaractu.com/Presidentielle-2019-Emploi-des-jeunes-Macky-Sall-a-cree-491-000-nouveaux-emplois-Ismaila-Madior-Fall-APR-Rufisque_a165496.html
15/02/19,Réélection de Macky Sall : Ababacar Sédikh Bèye met en exergue ...,Macky Sall,https://www.dakaractu.com/Reelection-de-Macky-Sall-Ababacar-Sedikh-Beye-met-en-exergue-son-slogan-Premier-round-door-mou-danou_a165567.html
15/02/19,Aminata Mbengue Ndiaye : « Macky Sall a honoré Abdou Diouf en ...,Macky Sall,https://www.dakaractu.com/Aminata-Mbengue-Ndiaye-Macky-Sall-a-honore-Abdou-Diouf-en-depit-de-leur-difference-ideologique-Nous-socialistes_a165551.html
15/02/19,Présidentielle 2019 : Fatou Kara Thiam liste les réalisations du ...,Macky Sall,https://www.dakaractu.com/Presidentielle-2019-Fatou-Kara-Thiam-liste-les-realisations-du-candidat-Macky-Sall_a165499.html
15/02/19,"Meeting à Castors : Les promesses d'Amadou Bâ, une fois Macky Sall ...",Macky Sall,https://www.dakaractu.com/Meeting-a-Castors-Les-promesses-d-Amadou-Ba-une-fois-Macky-Sall-reelu_a165563.html
15/02/19,Me Madické Niang : « Le régime de Macky Sall a foulé au pied la paix ...,Macky Sall,https://www.dakaractu.com/Me-Madicke-Niang-Le-regime-de-Macky-Sall-a-foule-au-pied-la-paix-sociale_a165480.html
15/02/19,Présidentielle 2019 : Macky Sall chambrant ses adversaires: « Durant ...,Macky Sall,https://www.dakaractu.com/Presidentielle-2019-Macky-Sall-chambrant-ses-adversaires-%C2%A0Durant-la-campagne-on-voit-meme-des-taxuraankat-s-agiter%C2%A0_a165523.html
15/02/19,Les communes des HLM et Hann prêtes pour réélire Macky SALL au ...,Macky Sall,https://www.dakaractu.com/Les-communes-des-HLM-et-Hann-pretes-pour-reelire-Macky-SALL-au-premier-tour_a165486.html
15/02/19,Démission de Soro : les conseils « avisés » de Macky Sall à Ouattara,Macky Sall,https://www.dakaractu.com/Demission-de-Soro-les-conseils-avises-de-Macky-Sall-a-Ouattara_a165509.html
15/02/19,"Présidentielle 2019 / Macky Sall : « Je veux que d'ici 2024, toutes les ...",Macky Sall,https://www.dakaractu.com/Presidentielle-2019-Macky-Sall-%C2%A0Je-veux-que-d-ici-2024-toutes-les-femmes-%C2%A0_a165481.html
15/02/19,Kaolack : Serigne Baba Lamine Niass prédit la victoire du président ...,Macky Sall,https://www.dakaractu.com/Kaolack-Serigne-Baba-Lamine-Niass-predit-la-victoire-du-president-Macky-Sall-devant-Mohamed-Ndiaye-Rahma_a165492.html
15/02/19,PUBLIREPORTAGE : Caravane de Macky Sall : Sokone n'en a jamais ...,Macky Sall,https://www.dakaractu.com/PUBLIREPORTAGE-Caravane-de-Macky-Sall-Sokone-n-en-a-jamais-vu-autant_a165554.html
15/02/19,Saly : Le Président du mouvement PCDS liste les réalisations de ...,Macky Sall,https://www.dakaractu.com/Saly-Le-President-du-mouvement-PCDS-liste-les-realisations-de-Macky-Sall-et-incite-les-populations-a-un-vote-massif-pour_a165570.html
15/02/19,Présidentielle 2019 : L'appel de Macky Sall à la Diaspora - Dakaractu,Macky Sall,https://www.dakaractu.com/Presidentielle-2019-L-appel-de-Macky-Sall-a-la-Diaspora_a165558.html
14/02/19,Wade annonce des poursuites contre Macky Sall et parle de sa ...,Macky Sall,https://www.dakaractu.com/Wade-annonce-des-poursuites-contre-Macky-Sall-et-parle-de-sa-generosite_a165392.html
14/02/19,Macky Sall améliore le Pouvoir d'achat des ménages de 2012 à 2019 ...,Macky Sall,https://www.dakaractu.com/Macky-Sall-ameliore-le-Pouvoir-d-achat-des-menages-de-2012-a-2019-Elements-de-bilan_a165423.html
14/02/19,Fatick : Madické Niang défie le président Macky Sall sur ses terres,Macky Sall,https://www.dakaractu.com/Fatick-Madicke-Niang-defie-le-president-Macky-Sall-sur-ses-terres_a165397.html
14/02/19,Accueil du président Macky Sall : Guinguinéo compte réussir ce ...,Macky Sall,https://www.dakaractu.com/Accueil-du-president-Macky-Sall-Guinguineo-compte-reussir-ce-vendredi-le-pari-de-la-mobilisation_a165415.html
14/02/19,Présidentielle 2019 / Ablaye Dièye à Macky Sall : « il est ... - Dakaractu,Macky Sall,https://www.dakaractu.com/Presidentielle-2019-Ablaye-Dieye-a-Macky-Sall-il-est-beau-de-defendre-le-bilan-de-Macky-Sall-car-ses-realisations-sont_a165421.html
14/02/19,Présidentielle 2019 / Alioune Sarr promet une large victoire à Macky ...,Macky Sall,https://www.dakaractu.com/Presidentielle-2019-Alioune-Sarr-promet-une-large-victoire-a-Macky-Sall-a-Thies-commune-et-dans-le-departement_a165398.html
14/02/19,Présidentielle 2019 / Macky Sall : « Je m'engage à multiplier par 10 ...,Macky Sall,https://www.dakaractu.com/Presidentielle-2019-Macky-Sall-%C2%A0Je-m-engage-a-multiplier-par-10-les-realisations-que-je-faisais%C2%A0_a165464.html
14/02/19,Grand rassemblement pour la réélection de Macky Sall à Ngor : Mame ...,Macky Sall,https://www.dakaractu.com/Grand-rassemblement-pour-la-reelection-de-Macky-Sall-a-Ngor-Mame-Mbaye-Niang-reussit-le-pari-de-la-mobilisation-IMAGES_a165418.html
14/02/19,Présidentielle 2019 : Les condoléances de Macky Sall à Ousmane ...,Macky Sall,https://www.dakaractu.com/Presidentielle-2019-Les-condoleances-de-Macky-Sall-a-Ousmane-Sonko_a165462.html
14/02/19,Macky SALL : Une vision transformationnelle du leadership - Dakaractu,Macky Sall,https://www.dakaractu.com/Macky-SALL-Une-vision-transformationnelle-du-leadership_a165448.html
14/02/19,Présidentielle 2019 / Ablaye Dièye à Macky Sall : « Il est ... - Dakaractu,Macky Sall,https://www.dakaractu.com/Presidentielle-2019-Ablaye-Dieye-a-Macky-Sall-%C2%A0Il-est-beau-de-defendre-le-bilan-de-Macky-Sall-car-ses-realisations_a165424.html
13/02/19,Macky Sall redonne le sourire aux habitants de Jaxaay : Mamadou ...,Macky Sall,https://www.dakaractu.com/Macky-Sall-redonne-le-sourire-aux-habitants-de-Jaxaay-Mamadou-Kasse-parle-d-une-mesure-majeure_a165371.html
13/02/19,Présidentielle 2019 / Macky Sall : ''L'élection n'est pas un motif pour ...,Macky Sall,https://www.dakaractu.com/Presidentielle-2019-Macky-Sall-L-election-n-est-pas-un-motif-pour-exercer-de-la-violence_a165342.html
13/02/19,"Citoyenneté : Le nouveau mouvement ""Xippil Khōl"" soutient le ...",Macky Sall,https://www.dakaractu.com/Citoyennete-Le-nouveau-mouvement-Xippil-Kh%C5%8Dl-soutient-le-candidat-Macky-Sall_a165362.html
13/02/19,Son cortège bloqué à Bignona / Ousmane Sonko rappelle à Macky ...,Macky Sall,https://www.dakaractu.com/Son-cortege-bloque-a-Bignona-Ousmane-Sonko-rappelle-a-Macky-Sall-qu-on-ne-gouverne-pas-un-pays-par-%C2%A0un-banditisme-d_a165361.html
13/02/19,Présidentielle 2019 : La réponse virulente de Macky Sall à ceux qui ...,Macky Sall,https://www.dakaractu.com/Presidentielle-2019-La-reponse-virulente-de-Macky-Sall-a-ceux-qui-evoquaient-des-brassards-rouges-a-Foundiougne_a165391.html
13/02/19,"Meeting du président Macky Sall à Kaolack : Awa, Nafissatou ...",Macky Sall,https://www.dakaractu.com/Meeting-du-president-Macky-Sall-a-Kaolack-Awa-Nafissatou-Mariama-et-Mimi-se-succedent-au-micro-avec-des-discours_a165336.html
12/02/19,"Présidentielle 2019 / Macky Sall : ''Personnellement, les adversaires ...",Macky Sall,https://www.dakaractu.com/Presidentielle-2019-Macky-Sall-Personnellement-les-adversaires-ne-m-inquietent-pas_a165285.html
12/02/19,Le message de réconfort de Macky Sall aux journalistes - Dakaractu,Macky Sall,https://www.dakaractu.com/Le-message-de-reconfort-de-Macky-Sall-aux-journalistes_a165271.html
12/02/19,Arrivée du président Macky Sall à Kaolack : La forte mobilisation du Dr ...,Macky Sall,https://www.dakaractu.com/Arrivee-du-president-Macky-Sall-a-Kaolack-La-forte-mobilisation-du-Dr-Macoumba-Diouf_a165300.html
12/02/19,Le président Macky Sall a rendu visite à Thierno Abdourahmane Barry ...,Macky Sall,https://www.dakaractu.com/Le-president-Macky-Sall-a-rendu-visite-a-Thierno-Abdourahmane-Barry-a-Bogal_a165313.html
12/02/19,Présidentielle : La section PDS de Grand-Yoff soutient Macky Sall,Macky Sall,https://www.dakaractu.com/Presidentielle-La-section-PDS-de-Grand-Yoff-soutient-Macky-Sall_a165291.html
12/02/19,Présidentielle 2019 / Macky Sall à Niasse : ''Vous êtes de ces aînés ...,Macky Sall,https://www.dakaractu.com/Presidentielle-2019-Macky-Sall-a-Niasse-Vous-etes-de-ces-aines-qui-savent-accepter-la-volonte-divine_a165325.html
12/02/19,Séance d'exposé du bilan de Macky Sall : Abdou Karim Fofana réunit ...,Macky Sall,https://www.dakaractu.com/Seance-d-expose-du-bilan-de-Macky-Sall-Abdou-Karim-Fofana-reunit-les-femmes-impactees-par-la-politique-sociale_a165257.html
12/02/19,Campagne électorale / Audition ratée de Macky Sall : La plateforme ...,Macky Sall,https://www.dakaractu.com/Campagne-electorale-Audition-ratee-de-Macky-Sall-La-plateforme-des-femmes-pour-la-paix-en-Casamance-regrette_a165321.html
12/02/19,Présidentielle 2019 / Maty Senghor Bèye : « Depuis que Macky Sall ...,Macky Sall,https://www.dakaractu.com/Presidentielle-2019-Maty-Senghor-Beye-%C2%A0Depuis-que-Macky-Sall-est-au-pouvoir-le-mot-penurie-est-en-penurie%C2%A0_a165287.html
12/02/19,Politique : Macky Sall inonde Dakar et Thiès de volontaires - Dakaractu,Macky Sall,https://www.dakaractu.com/Politique-Macky-Sall-inonde-Dakar-et-Thies-de-volontaires_a165327.html
11/02/19,Présidentielle 2019 : Macky Sall sensible au sort des journalistes ...,Macky Sall,https://www.dakaractu.com/Presidentielle-2019-Macky-Sall-sensible-au-sort-des-journalistes-blesses-a-Tamba_a165217.html
11/02/19,Jules Diop se lâche devant Macky Sall à Oussouye - Dakaractu,Macky Sall,https://www.dakaractu.com/Jules-Diop-se-lache-devant-Macky-Sall-a-Oussouye_a165213.html
11/02/19,FATICK / Ousmane Sonko s'adressant à Macky Sall : « Fatick n'est le ...,Macky Sall,https://www.dakaractu.com/FATICK-Ousmane-Sonko-s-adressant-a-Macky-Sall-Fatick-n-est-le-titre-foncier-de-personne_a165191.html
11/02/19,"Présidentielle 2019 : Mamadou Lamine Keïta à Macky Sall : ""Nous n ...",Macky Sall,https://www.dakaractu.com/Presidentielle-2019-Mamadou-Lamine-Keita-a-Macky-Sall-Nous-n-avons-pas-droit-a-l-erreur_a165168.html
11/02/19,Incidents de Tamba : Ousmane Sonko accuse Macky Sall - Dakaractu,Macky Sall,https://www.dakaractu.com/Incidents-de-Tamba-Ousmane-Sonko-accuse-Macky-Sall_a165234.html
11/02/19,Présidentielle 2019 : Macky Sall accueilli par une marée humaine à ...,Macky Sall,https://www.dakaractu.com/Presidentielle-2019-Macky-Sall-accueilli-par-une-maree-humaine-a-Ziguinchor_a165238.html
11/02/19,"Janus, le dieu romain aux deux têtes, Macky Sall, le dieu sénégalais ...",Macky Sall,https://www.dakaractu.com/Janus-le-dieu-romain-aux-deux-tetes-Macky-Sall-le-dieu-senegalais-aux-deux-facettes_a165166.html
11/02/19,Présidentielle 2019 : L'ultime hommage de Macky Sall à feu Bruno ...,Macky Sall,https://www.dakaractu.com/Presidentielle-2019-L-ultime-hommage-de-Macky-Sall-a-feu-Bruno-Diatta-a-Oussouye_a165204.html
11/02/19,BBY de Grand-Yoff : Cheikh Bakhoum liste les réalisations de Macky ...,Macky Sall,https://www.dakaractu.com/BBY-de-Grand-Yoff-Cheikh-Bakhoum-liste-les-realisations-de-Macky-Sall_a165230.html
11/02/19,Soutien à Macky Sall : El Malick Seck en proximité à Thiès - Dakaractu,Macky Sall,https://www.dakaractu.com/Soutien-a-Macky-Sall-El-Malick-Seck-en-proximite-a-Thies_a165171.html
11/02/19,"Boubacar Camara à Macky Sall : « Fatick, une ville abandonnée par ...",Macky Sall,https://www.dakaractu.com/Boubacar-Camara-a-Macky-Sall-Fatick-une-ville-abandonnee-par-son-propre-fils-_a165177.html
11/02/19,Réélection de Macky Sall : La communauté Bambara se range ...,Macky Sall,https://www.dakaractu.com/Reelection-de-Macky-Sall-La-communaute-Bambara-se-range-derriere-Salihou-Keita_a165201.html
11/02/19,Présidentielle 2019 : Macky Sall regrette la mort d'un militant de l'Apr ...,Macky Sall,https://www.dakaractu.com/Presidentielle-2019-Macky-Sall-regrette-la-mort-d-un-militant-de-l-Apr-tue-a-Tamba-par-un-membre-du-Pur_a165194.html
11/02/19,Samba Diaw (convergence libérale) : «Macky Sall a toujours placé la ...,Macky Sall,https://www.dakaractu.com/Samba-Diaw-convergence-liberale-Macky-Sall-a-toujours-place-la-Casamance-parmi-les-priorites-des-politiques-publiques_a165240.html
11/02/19,Présidentielle 2019 : Macky Sall prend Me Wade pour responsable de ...,Macky Sall,https://www.dakaractu.com/Presidentielle-2019-Macky-Sall-prend-Me-Wade-pour-responsable-de-l-incident-meurtrier-a-Tamba_a165198.html
10/02/19,Présidentielle 2019 / Macky Sall : ''Ce que j'ai vu à Bignona …'',Macky Sall,https://www.dakaractu.com/Presidentielle-2019-Macky-Sall-Ce-que-j-ai-vu-a-Bignona_a165128.html
10/02/19,Présidentielle 2019 : Macky Sall attristé par le décès accidentel de 4 ...,Macky Sall,https://www.dakaractu.com/Presidentielle-2019-Macky-Sall-attriste-par-le-deces-accidentel-de-4-gendarmes-qui-allaient-jalonner-la-route_a165116.html
10/02/19,Vélingara / Pape Diop prévient Macky Sall : « Les transhumants qui l ...,Macky Sall,https://www.dakaractu.com/Velingara-Pape-Diop-previent-Macky-Sall-%C2%A0Les-transhumants-qui-l-ont-rejoint-ont-tous-ete-abandonnes-par-leurs-militants_a165115.html
10/02/19,Présidentielle 2019 : Accident mortel dans le convoi de Macky Sall,Macky Sall,https://www.dakaractu.com/Presidentielle-2019-Accident-mortel-dans-le-convoi-de-Macky-Sall_a165112.html
10/02/19,Présidentielle 2019 : Macky Sall aux Sédhiois : « Soula guëlem porté ...,Macky Sall,https://www.dakaractu.com/Presidentielle-2019-Macky-Sall-aux-Sedhiois-%C2%A0Soula-guelem-porte-sa-tank-du-lal-suf%C2%A0_a165129.html
10/02/19,Mbour / Ousmane Sonko compatit à la douleur du cortège de Macky Sall,Macky Sall,https://www.dakaractu.com/Mbour-Ousmane-Sonko-compatit-a-la-douleur-du-cortege-de-Macky-Sall_a165155.html
10/02/19,Médina Yéro Foula / Idrissa Seck chambre Macky Sall : « Sounou xel ...,Macky Sall,https://www.dakaractu.com/Medina-Yero-Foula-Idrissa-Seck-chambre-Macky-Sall-%C2%A0Sounou-xel-dal-na-Je-vois-qu-il-n-ose-pas-venir-ici-apres-ses_a165158.html
09/02/19,Présidentielle 2019 : Ce qui a fait perdre la voix à Macky Sall devant la ...,Macky Sall,https://www.dakaractu.com/Presidentielle-2019-Ce-qui-a-fait-perdre-la-voix-a-Macky-Sall-devant-la-foule-a-Velingara_a165037.html
09/02/19,Présidentielle 2019 / Macky Sall ironise sur ses adversaires à Kolda ...,Macky Sall,https://www.dakaractu.com/Presidentielle-2019-Macky-Sall-ironise-sur-ses-adversaires-a-Kolda-%C2%A0On-va-leur-laisser-10-%C2%A0_a165057.html
09/02/19,Mandat présidentiel : « La parole de Macky Sall n'a aucune crédibilité ...,Macky Sall,https://www.dakaractu.com/Mandat-presidentiel-%C2%A0La-parole-de-Macky-Sall-n-a-aucune-credibilite%C2%A0-Barthelemy-Dias_a165021.html
09/02/19,Présidentielle 2019 : Ruée des foules vers Macky Sall en cette 7e ...,Macky Sall,https://www.dakaractu.com/Presidentielle-2019-Ruee-des-foules-vers-Macky-Sall-en-cette-7e-journee-de-campagne-entre-Tamba-et-Kolda_a165086.html
09/02/19,Barthélémy Dias : « Macky Sall est un danger pour la stabilité du pays »,Macky Sall,https://www.dakaractu.com/Barthelemy-Dias-%C2%A0Macky-Sall-est-un-danger-pour-la-stabilite-du-pays%C2%A0_a165027.html
08/02/19,Me Madické Niang appelle le président Macky Sall à un débat public.,Macky Sall,https://www.dakaractu.com/Me-Madicke-Niang-appelle-le-president-Macky-Sall-a-un-debat-public_a164932.html
08/02/19,Présidentielle 2019 / Macky Sall : ''Ce qui montre la différence entre ce ...,Macky Sall,https://www.dakaractu.com/Presidentielle-2019-Macky-Sall-Ce-qui-montre-la-difference-entre-ce-que-je-suis-venu-vous-dire-ici-et-ce-que-l-on-vous_a164964.html
08/02/19,Présidentielle 2019 : Macky Sall liste les conséquences des votes en ...,Macky Sall,https://www.dakaractu.com/Presidentielle-2019-Macky-Sall-liste-les-consequences-des-votes-en-faveur-des-politiques-hasardeuses-de-ses-adversaires_a164963.html
08/02/19,Podor : Racine Sy en complicité avec le Président Macky Sall,Macky Sall,https://www.dakaractu.com/Podor-Racine-Sy-en-complicite-avec-le-President-Macky-Sall_a164940.html
08/02/19,Présidentielle 2019 : Macky Sall promet de refaire de Tamba un hub ...,Macky Sall,https://www.dakaractu.com/Presidentielle-2019-Macky-Sall-promet-de-refaire-de-Tamba-un-hub-ferroviaire_a164971.html
08/02/19,Présidentielle 2019 : Kanel garantit une victoire à 95% au président ...,Macky Sall,https://www.dakaractu.com/Presidentielle-2019-Kanel-garantit-une-victoire-a-95-au-president-Macky-Sall-dans-le-departement_a164920.html
07/02/19,Présidentielle 2019 : Macky Sall commémore le décès du Professeur ...,Macky Sall,https://www.dakaractu.com/Presidentielle-2019-Macky-Sall-commemore-le-deces-du-Professeur-Cheikh-Anta-Diop_a164891.html
07/02/19,Kédougou : Me Madické Niang accuse le régime de Macky Sall d'avoir ...,Macky Sall,https://www.dakaractu.com/Kedougou-Me-Madicke-Niang-accuse-le-regime-de-Macky-Sall-d-avoir-detourne-l-argent-du-Fonds-social-minier_a164889.html
07/02/19,Présidentielle-Soutien : Malick Noël Seck rejoint Macky Sall - Dakaractu,Macky Sall,https://www.dakaractu.com/Presidentielle-Soutien-Malick-Noel-Seck-rejoint-Macky-Sall_a164853.html
07/02/19,Malick Noël Seck sur son ralliement à BBY : « Macky Sall est le ...,Macky Sall,https://www.dakaractu.com/Malick-Noel-Seck-sur-son-ralliement-a-BBY-Macky-Sall-est-le-meilleur-choix-pour-le-Senegal-Nous-assumons-notre-position_a164870.html
07/02/19,"Candidat Macky Sall, Rendez-vous à l'évidence, en voulant ...",Macky Sall,https://www.dakaractu.com/Candidat-Macky-Sall-Rendez-vous-a-l-evidence-en-voulant-deconstruire-vous-avez-construit-Par-Aminata-Linguere_a164809.html
07/02/19,"Présidentielle 2019 : Macky Sall promet, une fois réélu, de relancer le ...",Macky Sall,https://www.dakaractu.com/Presidentielle-2019-Macky-Sall-promet-une-fois-reelu-de-relancer-le-transport-ferroviaire-Dakar-Bamako_a164872.html
07/02/19,Madina Ndiathbé : Liesse populaire pour accueillir Macky Sall,Macky Sall,https://www.dakaractu.com/Madina-Ndiathbe-Liesse-populaire-pour-accueillir-Macky-Sall_a164836.html
07/02/19,Banda Diop : « Pourquoi Macky Sall mérite un second mandat »,Macky Sall,https://www.dakaractu.com/Banda-Diop-Pourquoi-Macky-Sall-merite-un-second-mandat_a164873.html
06/02/19,"TOUBA/Daba Macky prend la défense du Président Macky Sall : ""Il ne ...",Macky Sall,https://www.dakaractu.com/TOUBA-Daba-Macky-prend-la-defense-du-President-Macky-Sall-Il-ne-pouvait-pas-prononcer-le-nom-de-tous-les-responsables_a164781.html
06/02/19,Macky Sall réclame une enquête pour déterminer la cause de l ...,Macky Sall,https://www.dakaractu.com/Macky-Sall-reclame-une-enquete-pour-determiner-la-cause-de-l-accident-mortel-de-6-enfants-a-la-Sicap-Liberte-1_a164769.html
06/02/19,Tivaouane / Abdoulaye Ndiaye Ngalgou bat campagne pour la victoire ...,Macky Sall,https://www.dakaractu.com/Tivaouane-Abdoulaye-Ndiaye-Ngalgou-bat-campagne-pour-la-victoire-de-Macky-Sall_a164795.html
06/02/19,Tambacounda : Me Madické Niang raille Macky Sall et expose les ...,Macky Sall,https://www.dakaractu.com/Tambacounda-Me-Madicke-Niang-raille-Macky-Sall-et-expose-les-mesures-phares-de-son-projet-de-societe_a164782.html
06/02/19,"Macky Sall au meeting départemental de Podor : ""Je rencontre le ...",Macky Sall,https://www.dakaractu.com/Macky-Sall-au-meeting-departemental-de-Podor-Je-rencontre-le-mouvement-de-Racine-Sy-partout-ou-je-passe-dans-le-pays_a164756.html
06/02/19,CAMPAGNE ÉLECTORALE À RICHARD TOLL : MACKY SALL SE ...,Macky Sall,https://www.dakaractu.com/CAMPAGNE-ELECTORALE-A-RICHARD-TOLL-MACKY-SALL-SE-FELICITE-DE-LA-MOBILISATION-DU-MAIRE-AMADOU-MAME-DIOP-ET-SNOBE-LES_a164786.html
06/02/19,Présidentielle 2019 : La réplique salée de Macky Sall à ceux qui lui ...,Macky Sall,https://www.dakaractu.com/Presidentielle-2019-La-replique-salee-de-Macky-Sall-a-ceux-qui-lui-reprochent-une-ethnicisation-de-la-politique_a164778.html
06/02/19,BBY Mbao / Visites de proximité pour la réélection du Président Macky ...,Macky Sall,https://www.dakaractu.com/BBY-Mbao-Visites-de-proximite-pour-la-reelection-du-President-Macky-Sall-Photos_a164746.html
05/02/19,Ralliement : Me Ousseynou Babou rejoint Cheikh Bakhoum pour ...,Macky Sall,https://www.dakaractu.com/Ralliement-Me-Ousseynou-Babou-rejoint-Cheikh-Bakhoum-pour-reelire-Macky-Sall_a164680.html
05/02/19,Saloum : Ousmane Sonko liste les promesses non tenues par Macky ...,Macky Sall,https://www.dakaractu.com/Saloum-Ousmane-Sonko-liste-les-promesses-non-tenues-par-Macky-Sall-a-Kaolack_a164617.html
05/02/19,Saint-Louis: Youssou Ndour fait danser le président Macky Sall et les ...,Macky Sall,https://www.dakaractu.com/Saint-Louis-Youssou-Ndour-fait-danser-le-president-Macky-Sall-et-les-leaders-de-Benno-bokk-yakaar_a164627.html
05/02/19,"Me Madické Niang : ""Travailler pour Macky Sall, ce serait trahir la ...",Macky Sall,https://www.dakaractu.com/Me-Madicke-Niang-Travailler-pour-Macky-Sall-ce-serait-trahir-la-communaute-mouride-Je-serai-elu-president-a-l-issue-du_a164640.html
05/02/19,Fatick : Récital de Coran pour la réélection de Macky Sall - Dakaractu,Macky Sall,https://www.dakaractu.com/Fatick-Recital-de-Coran-pour-la-reelection-de-Macky-Sall_a164698.html
05/02/19,Présidentielle 2019 : Youssou Ndour à Macky Sall : ''Je ne suis pas en ...,Macky Sall,https://www.dakaractu.com/Presidentielle-2019-Youssou-Ndour-a-Macky-Sall-Je-ne-suis-pas-en-campagne-mais-je-celebre-plutot-la-victoire_a164629.html
05/02/19,Présidentielle 2019 : Aïssata Tall Sall à Macky Sall : « Personne ne ...,Macky Sall,https://www.dakaractu.com/Presidentielle-2019-Aissata-Tall-Sall-a-Macky-Sall-%C2%A0Personne-ne-vous-%C2%A0_a164692.html
05/02/19,Présidentielle 2019 : Macky Sall annonce la construction prochaine d ...,Macky Sall,https://www.dakaractu.com/Presidentielle-2019-Macky-Sall-annonce-la-construction-prochaine-d-un-pont-reliant-le-Walo-a-la-Mauritanie_a164679.html
14/02/19,Mame Mbaye Niang : «Sonko et Issa Sall ne savent rien de l'État ...,Issa Sall,https://www.dakaractu.com/Mame-Mbaye-Niang-Sonko-et-Issa-Sall-ne-savent-rien-de-l-Etat-Madicke-est-guide-par-la-colere-les-Senegalais-ne-font_a165452.html
13/02/19,Mame Mbaye Niang : « Sonko et Issa Sall n'ont pas d'expérience d ...,Issa Sall,https://www.dakaractu.com/Mame-Mbaye-Niang-%C2%A0Sonko-et-Issa-Sall-n-ont-pas-d-experience-d-Etat-Idy-et-Madicke-ont-ete-ministres-mais-%C2%A0_a165368.html
13/02/19,"Portrait d'un candidat (3) : Issa Sall, le Pur-sang au top départ de la ...",Issa Sall,https://www.dakaractu.com/Portrait-d-un-candidat-3-Issa-Sall-le-Pur-sang-au-top-depart-de-la-course-presidentielle_a165388.html
10/02/19,Campagne 2019 / Le discours musclé de Issa Sall : « Les habitants de ...,Issa Sall,https://www.dakaractu.com/Campagne-2019-Le-discours-muscle-de-Issa-Sall-%C2%A0Les-habitants-de-Kedougou-sont-les-plus-pauvres-du-Senegal-%C2%A0_a165127.html
10/02/19,Présidentielle 2019 : L'ex juge Ibrahima Dème soutient El Hadj Issa Sall,Issa Sall,https://www.dakaractu.com/Presidentielle-2019-L-ex-juge-Ibrahima-Deme-soutient-El-Hadj-Issa-Sall_a165094.html
09/02/19,Campagne 2019 / Désenclavement de la Casamance : Issa Sall ...,Issa Sall,https://www.dakaractu.com/Campagne-2019-Desenclavement-de-la-Casamance-Issa-Sall-propose-la-delocalisation-des-spheres-ministerielles-et-le_a165013.html
09/02/19,Kolda / Blocage de la caravane de Issa Sall par les forces de l'ordre ...,Issa Sall,https://www.dakaractu.com/Kolda-Blocage-de-la-caravane-de-Issa-Sall-par-les-forces-de-l-ordre-Le-President-Macky-Sall-pointe-du-doigt-par-le-PUR_a165065.html
09/02/19,Urgent / La Caravane de Issa Sall bloquée par les forces de l'ordre ...,Issa Sall,https://www.dakaractu.com/Urgent-La-Caravane-de-Issa-Sall-bloquee-par-les-forces-de-l-ordre-Le-President-Macky-Sall-pointe-du-doigt-par-le-PUR_a165052.html
09/02/19,"Casamance / Issa Sall signe l'accord de paix : ""Je m'engage sur l ...",Issa Sall,https://www.dakaractu.com/Casamance-Issa-Sall-signe-l-accord-de-paix-Je-m-engage-sur-l-honneur-a-respecter-l-accord-en-toute-connaissance-de-cause_a165012.html
08/02/19,"Pont de la Sénégambie / Issa Sall applaudit : « Je salue l'initiative, ça ...",Issa Sall,https://www.dakaractu.com/Pont-de-la-Senegambie-Issa-Sall-applaudit-%C2%A0Je-salue-l-initiative-ca-relie-le-Senegal-et-le-Senegal-Ma-premiere-visite_a164967.html
08/02/19,Présidentielle 2019 / Issa Sall du PUR et Serigne Mboup de BBY se ...,Issa Sall,https://www.dakaractu.com/Presidentielle-2019-Issa-Sall-du-PUR-et-Serigne-Mboup-de-BBY-se-rencontrent-a-Kaolack_a164907.html
08/02/19,Inondations récurrentes à Kaffrine / Agriculture : Le professeur Issa ...,Issa Sall,https://www.dakaractu.com/Inondations-recurrentes-a-Kaffrine-Agriculture-Le-professeur-Issa-Sall-livre-ses-solutions-%C2%A0miracle%C2%A0_a164909.html
07/02/19,Kaffrine : Idrissa Seck croise El Hadj Issa Sall et lui serre la main,Issa Sall,https://www.dakaractu.com/Kaffrine-Idrissa-Seck-croise-El-Hadj-Issa-Sall-et-lui-serre-la-main_a164888.html
07/02/19,Présidentielle 2019 à Kaolack / Issa Sall annonce la réhabilitation du ...,Issa Sall,https://www.dakaractu.com/Presidentielle-2019-a-Kaolack-Issa-Sall-annonce-la-rehabilitation-du-port-et-du-reseau-ferroviaire-%C2%A0Le-port-doit-etre_a164792.html
07/02/19,Présidentielle 2019 / Issa Sall du PUR et Serigne Mboup se ...,Issa Sall,https://www.dakaractu.com/Presidentielle-2019-Issa-Sall-du-PUR-et-Serigne-Mboup-se-rencontrent-a-Kaolack_a164875.html
06/02/19,Visite de courtoisie chez El Hadj Oumar Amadou Dème : Issa Sall ...,Issa Sall,https://www.dakaractu.com/Visite-de-courtoisie-chez-El-Hadj-Oumar-Amadou-Deme-Issa-Sall-recueille-des-benedictions-a-Sokone_a164752.html
06/02/19,"4e jour de Campagne / Issa Sall va sillonner Diakhao, Passy, Karang ...",Issa Sall,https://www.dakaractu.com/4e-jour-de-Campagne-Issa-Sall-va-sillonner-Diakhao-Passy-Karang-Sokone-Medina-Baye-et-Kaolack_a164749.html
05/02/19,"Présidentielle 2019 - PUR / Issa Sall défie Macky à Fatick : "" Mon ...",Issa Sall,https://www.dakaractu.com/Presidentielle-2019-PUR-Issa-Sall-defie-Macky-a-Fatick-Mon-souhait-le-plus-ardent-est-de-degager-Macky-Sall-_a164688.html
05/02/19,Violences électorales / Issa Sall dénonce toute dérive et appelle à la ...,Issa Sall,https://www.dakaractu.com/Violences-electorales-Issa-Sall-denonce-toute-derive-et-appelle-a-la-serenite-Une-campagne-doit-se-faire-de-facon_a164650.html
05/02/19,Présidentielle 2019 - Mbour : Issa Sall dévoile son programme pour le ...,Issa Sall,https://www.dakaractu.com/Presidentielle-2019-Mbour-Issa-Sall-devoile-son-programme-pour-le-tourisme-les-contrats-de-peche-l-agriculture-et-la_a164635.html
05/02/19,Joal-Fadiouth / El hadj Issa Sall compte s'attaquer au secteur ...,Issa Sall,https://www.dakaractu.com/Joal-Fadiouth-El-hadj-Issa-Sall-compte-s-attaquer-au-secteur-halieutique-et-aux-inondations-recurrentes_a164665.html
04/02/19,Présidentielle 2019 - PUR / Issa Sall en communion avec les étudiants ...,Issa Sall,https://www.dakaractu.com/Presidentielle-2019-PUR-Issa-Sall-en-communion-avec-les-etudiants-de-l-UCAD-Je-m-engage-a-construire-des-universites-de_a164568.html
04/02/19,Présidentielle 2019 / Alliance entre Khalifa Sall et le PUR : Issa Sall dit ...,Issa Sall,https://www.dakaractu.com/Presidentielle-2019-Alliance-entre-Khalifa-Sall-et-le-PUR-Issa-Sall-dit-tout-_a164586.html
04/02/19,Présidentielle 2019 - PUR : Issa Sall a rendu visite à Khalifa à ...,Issa Sall,https://www.dakaractu.com/Presidentielle-2019-PUR-Issa-Sall-a-rendu-visite-a-Khalifa-a-Rebeuss-ce-matin_a164564.html
04/02/19,Présidentielle 2019 / Issa Sall s'engage à éradiquer l'insécurité à ...,Issa Sall,https://www.dakaractu.com/Presidentielle-2019-Issa-Sall-s-engage-a-eradiquer-l-insecurite-a-Pikine-et-se-rejouit-du-soutien-de-Mansour-Sy-Djamil_a164587.html
04/02/19,Présidentielle 2019 / Sécurité : Issa Sall promet le renforcement de la ...,Issa Sall,https://www.dakaractu.com/Presidentielle-2019-Securite-Issa-Sall-promet-le-renforcement-de-la-securite-frontaliere-des-forces-de-l-ordre-et-la_a164540.html
04/02/19,"Présidentielle 2019 - PUR : Issa Sall accueilli par une ""marée verte"" à ...",Issa Sall,https://www.dakaractu.com/Presidentielle-2019-PUR-Issa-Sall-accueilli-par-une-maree-verte-a-Guinaw-rails_a164538.html
04/02/19,"Campagne 2019 - Issa Sall accuse Abdoulaye Timbo de sabotage : "" Il ...",Issa Sall,https://www.dakaractu.com/Campagne-2019-Issa-Sall-accuse-Abdoulaye-Timbo-de-sabotage-Il-a-tout-fait-pour-que-le-PUR-ne-tienne-pas-son-meeting-au_a164539.html
04/02/19,"Issa Sall promet la suppression ""Pur"" et simple de la caisse noire ...",Issa Sall,https://www.dakaractu.com/Issa-Sall-promet-la-suppression-Pur-et-simple-de-la-caisse-noire-apres-son-election%C2%A0_a164543.html
03/02/19,Présidentielle 2019 - PUR / Issa Sall démarre sa campagne dans la ...,Issa Sall,https://www.dakaractu.com/Presidentielle-2019-PUR-Issa-Sall-demarre-sa-campagne-dans-la-banlieue-Dakaroise-Guinaw-Rails_a164502.html
15/02/19,Goudiry / Idrissa Seck favorable à un soutien permanent des émigrés ...,Idrissa Seck,https://www.dakaractu.com/Goudiry-Idrissa-Seck-favorable-a-un-soutien-permanent-des-emigres-et-la-prise-en-compte-de-leurs-contibutions_a165488.html
15/02/19,Présidentielle 2019/Goudiry - Kidira - Bakel : Idrissa Seck sillonne le ...,Idrissa Seck,https://www.dakaractu.com/Presidentielle-2019-Goudiry-Kidira-Bakel-Idrissa-Seck-sillonne-le-Senegal-Oriental_a165489.html
15/02/19,Kidira / Transport : Idrissa Seck propose une concertation avec les ...,Idrissa Seck,https://www.dakaractu.com/Kidira-Transport-Idrissa-Seck-propose-une-concertation-avec-les-acteurs-pour-eviter-les-tracasseries-et-difficultes_a165485.html
14/02/19,« Deuk Bi Dafa Macky » : Bathie Ciss démonte l'argumentaire de ...,Idrissa Seck,https://www.dakaractu.com/Deuk-Bi-Dafa-Macky-Bathie-Ciss-demonte-l-argumentaire-de-Idrissa-Seck_a165435.html
14/02/19,"Casamance / Idrissa Seck à Simbandi Brassou : "" L'Avenir de cette ...",Idrissa Seck,https://www.dakaractu.com/Casamance-Idrissa-Seck-a-Simbandi-Brassou-L-Avenir-de-cette-jeunesse-n-est-pas-de-mourir-dans-la-mediterranee-mais-de_a165409.html
14/02/19,Soutien ACT – TEKKI au candidat Idrissa Seck de la « coalition idy ...,Idrissa Seck,https://www.dakaractu.com/Soutien-ACT-TEKKI-au-candidat-Idrissa-Seck-de-la-coalition-idy-2019-doute-et-panique-au-sein-de-la-coalition_a165450.html
13/02/19,Sécurité des candidats : Idrissa Seck se dit satisfait des mesures ...,Idrissa Seck,https://www.dakaractu.com/Securite-des-candidats-Idrissa-Seck-se-dit-satisfait-des-mesures-prises-et-condamne-ces-actes-de-violence_a165349.html
13/02/19,Casamance : Idrissa Seck signe le protocole d'accord avec la ...,Idrissa Seck,https://www.dakaractu.com/Casamance-Idrissa-Seck-signe-le-protocole-d-accord-avec-la-Plateforme-des-femmes-pour-la-consolidation-de-la-paix_a165351.html
12/02/19,Campagne présidentielle 2019 : Idrissa Seck déroule sa liste d ...,Idrissa Seck,https://www.dakaractu.com/Campagne-presidentielle-2019-Idrissa-Seck-deroule-sa-liste-d-engagements-pour-la-region-de-Sedhiou_a165253.html
12/02/19,Idrissa Seck à Bignona : « Les populations ont choisi le nom du ...,Idrissa Seck,https://www.dakaractu.com/Idrissa-Seck-a-Bignona-%C2%A0Les-populations-ont-choisi-le-nom-du-president-comme-synonyme-de-la-deche-et-de-la-pauvrete_a165331.html
12/02/19,Amsatou Sow Sidibé à Sédhiou : « J'ai choisi Idrissa Seck parce qu'il a ...,Idrissa Seck,https://www.dakaractu.com/Amsatou-Sow-Sidibe-a-Sedhiou-%C2%A0J-ai-choisi-Idrissa-Seck-parce-qu-il-a-un-bon-programme-pour-la-paix%C2%A0_a165262.html
11/02/19,Kolda : Idrissa Seck s'engage pour une gestion durable de l ...,Idrissa Seck,https://www.dakaractu.com/Kolda-Idrissa-Seck-s-engage-pour-une-gestion-durable-de-l-environnement_a165160.html
11/02/19,Présidentielle 2019 : Abdou Mbow adresse un tacle sévère à Idrissa ...,Idrissa Seck,https://www.dakaractu.com/Presidentielle-2019-Abdou-Mbow-adresse-un-tacle-severe-a-Idrissa-Seck_a165180.html
10/02/19,Médina Yéro Foula / Idrissa Seck chambre Macky Sall : « Sounou xel ...,Idrissa Seck,https://www.dakaractu.com/Medina-Yero-Foula-Idrissa-Seck-chambre-Macky-Sall-%C2%A0Sounou-xel-dal-na-Je-vois-qu-il-n-ose-pas-venir-ici-apres-ses_a165158.html
10/02/19,Présidentielle 2019 / Médina Yoro Foula : Un véhicule du cortège de ...,Idrissa Seck,https://www.dakaractu.com/Presidentielle-2019-Medina-Yoro-Foula-Un-vehicule-du-cortege-de-Idrissa-Seck-fait-un-choc_a165153.html
10/02/19,Présidentielle 2019 / Ablaye Sow : « Le Benno Bokk Yaakarnva ...,Idrissa Seck,https://www.dakaractu.com/Presidentielle-2019-Ablaye-Sow-%C2%A0Le-Benno-Bokk-Yaakarnva-montrer-a-Idrissa-Seck-que-la-cite-du-rail-ne-lui-appartient_a165140.html
09/02/19,Koumpentoum : Idrissa Seck accueilli par une liesse qu'il rassure de la ...,Idrissa Seck,https://www.dakaractu.com/Koumpentoum-Idrissa-Seck-accueilli-par-une-liesse-qu-il-rassure-de-la-chute-inevitable-du-pouvoir-en-place_a165076.html
09/02/19,Tamba / Idrissa Seck promet : « Notre porte vers la CEDEAO et vers l ...,Idrissa Seck,https://www.dakaractu.com/Tamba-Idrissa-Seck-promet-%C2%A0Notre-porte-vers-la-CEDEAO-et-vers-l-UEMOA-sera-ici-car-nous-ferons-de-Tamba-un-carrefour_a165074.html?com
09/02/19,"Idrissa Seck à Koumpentoum : ""Notre Coalition est prête pour dégager ...",Idrissa Seck,https://www.dakaractu.com/Idrissa-Seck-a-Koumpentoum-Notre-Coalition-est-prete-pour-degager-ce-pouvoir-et-lancer-notre-programme-pour-redresser-le_a165067.html
08/02/19,Coalition IDY2019 / Officialisation de l'arrivée de Khalifa Sall : Idrissa ...,Idrissa Seck,https://www.dakaractu.com/Coalition-IDY2019-Officialisation-de-l-arrivee-de-Khalifa-Sall-Idrissa-seck-se-rejouit-et-envisage-une-victoire-des-le_a164991.html
08/02/19,Urgent : Khalifa Sall soutient Idrissa Seck (Déclaration officielle),Idrissa Seck,https://www.dakaractu.com/Urgent-Khalifa-Sall-soutient-Idrissa-Seck-Declaration-officielle_a164953.html
08/02/19,"Présidentielle 2019 : Macky ""bloque"" Idrissa Seck à Kaffrine. - Dakaractu",Idrissa Seck,https://www.dakaractu.com/Presidentielle-2019-Macky-bloque-Idrissa-Seck-a-Kaffrine_a164935.html
08/02/19,Présidentielle 2019 : Cheikh Bamba Dièye de FSD/BJ soutient Idrissa ...,Idrissa Seck,https://www.dakaractu.com/Presidentielle-2019-Cheikh-Bamba-Dieye-de-FSD-BJ-soutient-Idrissa-Seck_a164977.html
08/02/19,TOUBA/ L'honorable député Sadaga ' démontre ' pourquoi « Idrissa ...,Idrissa Seck,https://www.dakaractu.com/TOUBA-L-honorable-depute-Sadaga-demontre-pourquoi-%C2%A0Idrissa-Seck-Me-Madicke-Niang-et-Sonko-ne-gagneront-jamais-dans-la_a164914.html
08/02/19,KOLDA : Abdoulaye Bibi Baldé tire à boulets rouges sur Idrissa Seck ...,Idrissa Seck,https://www.dakaractu.com/KOLDA-Abdoulaye-Bibi-Balde-tire-a-boulets-rouges-sur-Idrissa-Seck-et-envoie-balader-l-opposition_a164918.html
07/02/19,Kaffrine : Idrissa Seck croise El Hadj Issa Sall et lui serre la main,Idrissa Seck,https://www.dakaractu.com/Kaffrine-Idrissa-Seck-croise-El-Hadj-Issa-Sall-et-lui-serre-la-main_a164888.html
07/02/19,Présidentielle 2019 : « Une collectivité territoriale / Un milliard ...,Idrissa Seck,https://www.dakaractu.com/Presidentielle-2019-%C2%A0Une-collectivite-territoriale-Un-milliard%C2%A0--Idrissa-seck-s-engage_a164815.html
07/02/19,Porokhane / Daara Mame Diarra Bousso : Idrissa Seck annonce la ...,Idrissa Seck,https://www.dakaractu.com/Porokhane-Daara-Mame-Diarra-Bousso-Idrissa-Seck-annonce-la-construction-d-une-direction-generale-pour-la-modernisation_a164849.html
07/02/19,Bons impayés : Benno de Grand Yoff rappelle à Idrissa Seck son ...,Idrissa Seck,https://www.dakaractu.com/Bons-impayes-Benno-de-Grand-Yoff-rappelle-a-Idrissa-Seck-son-passe-de-Premier-ministre_a164864.html
06/02/19,Campagne présidentielle à Kaolack : Idrissa Seck défile son ...,Idrissa Seck,https://www.dakaractu.com/Campagne-presidentielle-a-Kaolack-Idrissa-Seck-defile-son-programme-pour-l-agriculture-dans-la-region-carrefour_a164712.html
06/02/19,Kaolack : Baye Ciss ravit la vedette à Idrissa Seck - Dakaractu,Idrissa Seck,https://www.dakaractu.com/Kaolack-Baye-Ciss-ravit-la-vedette-a-Idrissa-Seck_a164733.html
06/02/19,Présidentielle 2019 à Kaolack : Idrissa Seck en bon « séducteur » à ...,Idrissa Seck,https://www.dakaractu.com/Presidentielle-2019-a-Kaolack-Idrissa-Seck-en-bon-%C2%A0seducteur%C2%A0-a-Medina-Baye_a164754.html
06/02/19,Présidentielle 2019 : Voici le programme intégral de Idrissa Seck ...,Idrissa Seck,https://www.dakaractu.com/Presidentielle-2019-Voici-le-programme-integral-de-Idrissa-Seck-candidat-de-la-coalition-%C2%A0Idy-2019%C2%A0_a164739.html
06/02/19,Présidentielle 2019 / Idrissa Seck à Kaolack : « Ce que Cheikh ...,Idrissa Seck,https://www.dakaractu.com/Presidentielle-2019-Idrissa-Seck-a-Kaolack-%C2%A0Ce-que-Cheikh-Ibrahima-Niass-a-fait-au-niveau-international-doit-nous_a164714.html
05/02/19,Kaolack / Engagements électoraux : Idrissa Seck promet de résoudre ...,Idrissa Seck,https://www.dakaractu.com/Kaolack-Engagements-electoraux-Idrissa-Seck-promet-de-resoudre-le-probleme-lie-au-transport_a164711.html
05/02/19,Présidentielle 2019 / Idrissa Seck à la capitale du Saloum : « Avec les ...,Idrissa Seck,https://www.dakaractu.com/Presidentielle-2019-Idrissa-Seck-a-la-capitale-du-Saloum-%C2%A0Avec-les-leaders-qui-sont-dans-notre-coalition-le-peuple_a164715.html
05/02/19,Campagne électorale Jour 2 : Macky gagne le discours religieux ...,Idrissa Seck,https://www.dakaractu.com/Campagne-electorale-Jour-2-Macky-gagne-le-discours-religieux-Idrissa-Seck-gagne-le-discours-eloquent_a164634.html
04/02/19,Thiénaba / Visite chez le Khalife : Idrissa Seck promet de tenir compte ...,Idrissa Seck,https://www.dakaractu.com/Thienaba-Visite-chez-le-Khalife-Idrissa-Seck-promet-de-tenir-compte-du-probleme-d-eau-dans-la-commune_a164585.html
04/02/19,Thiès / Visite de proximité : Idrissa Seck chez Serigne Khadim Lo ...,Idrissa Seck,https://www.dakaractu.com/Thies-Visite-de-proximite-Idrissa-Seck-chez-Serigne-Khadim-Lo-Gaydel-pour-solliciter-des-prieres_a164584.html
04/02/19,Présidentielle 2019/ Idrissa Seck nargue Macky Sall à Thiès : «C'est la ...,Idrissa Seck,https://www.dakaractu.com/Presidentielle-2019-Idrissa-Seck-nargue-Macky-Sall-a-Thies-C-est-la-premiere-fois-au-Senegal-qu-un-president-aura-un_a164534.html
04/02/19,Campagne présidentielle 2019 : Idrissa Seck «rassure» la population ...,Idrissa Seck,https://www.dakaractu.com/Campagne-presidentielle-2019-Idrissa-Seck-rassure-la-population-de-Refane-et-prend-des-engagements-pour-sa_a164626.html
04/02/19,"Campagne 2019 / Arrivée d'Idrissa Seck dans ""la capitale du rail"" : La ...",Idrissa Seck,https://www.dakaractu.com/Campagne-2019-Arrivee-d-Idrissa-Seck-dans-la-capitale-du-rail-La-population-thiessoise-massivement-a-des-allures_a164529.html
04/02/19,Campagne présidentielle 2019 : Idrissa Seck attendu ce matin à ...,Idrissa Seck,https://www.dakaractu.com/Campagne-presidentielle-2019-Idrissa-Seck-attendu-ce-matin-a-Thienaba-et-Ngoudiane_a164557.html
04/02/19,Présidentielle 2019 : Le Comité Directeur de Bok Gis Gis soutient ...,Idrissa Seck,https://www.dakaractu.com/Presidentielle-2019-Le-Comite-Directeur-de-Bok-Gis-Gis-soutient-Idrissa-Seck_a164562.html
03/02/19,SOUTIEN À IDRISSA SECK / Sokhna Ndèye Mbacké de ' Bësa Ngui ...,Idrissa Seck,https://www.dakaractu.com/SOUTIEN-A-IDRISSA-SECK-Sokhna-Ndeye-Mbacke-de-Besa-Ngui-Gneuw-se-decide-enfin_a164499.html
03/02/19,Journal de la Campagne : Idrissa Seck soupçonne l'Etat d'utiliser les ...,Idrissa Seck,https://www.dakaractu.com/Journal-de-la-Campagne-Idrissa-Seck-soupconne-l-Etat-d-utiliser-les-forces-de-defense-comme-un-instrument-d-espionnage_a164527.html
15/02/19,"Sédhiou / Ousmane Sonko : « les régions qui votent le plus, sont les ...",Ousmane Sonko,https://www.dakaractu.com/Sedhiou-Ousmane-Sonko-les-regions-qui-votent-le-plus-sont-les-plus-oubliees_a165536.html
15/02/19,Ousmane Sonko à Sédhiou : Les jeunes doivent voter massivement ...,Ousmane Sonko,https://www.dakaractu.com/Ousmane-Sonko-a-Sedhiou-Les-jeunes-doivent-voter-massivement-pour-renverser-le-systeme_a165535.html
15/02/19,Ousmane Sonko à Médina Souané : « Notre ambition est de renforcer ...,Ousmane Sonko,https://www.dakaractu.com/Ousmane-Sonko-a-Medina-Souane-Notre-ambition-est-de-renforcer-la-relation-entre-l-Etat-et-les-autorites-coutumieres-et_a165507.html
15/02/19,Présidentielle 2019 : Ousmane Sonko promet un pôle urbain à Sédhiou,Ousmane Sonko,https://www.dakaractu.com/Presidentielle-2019-Ousmane-Sonko-promet-un-pole-urbain-a-Sedhiou_a165534.html
14/02/19,Présidentielle 2019 : Les condoléances de Macky Sall à Ousmane ...,Ousmane Sonko,https://www.dakaractu.com/Presidentielle-2019-Les-condoleances-de-Macky-Sall-a-Ousmane-Sonko_a165462.html
14/02/19,Ousmane Sonko : Piège ou inexpérience politique ? - Dakaractu,Ousmane Sonko,https://www.dakaractu.com/Ousmane-Sonko-Piege-ou-inexperience-politique_a165412.html
14/02/19,KOLDA / Ousmane Sonko dresse ses ambitions pour la région du ...,Ousmane Sonko,https://www.dakaractu.com/KOLDA-Ousmane-Sonko-dresse-ses-ambitions-pour-la-region-du-Fouladou_a165404.html
14/02/19,Ousmane Sonko suspend sa campagne : Un de ses militants ...,Ousmane Sonko,https://www.dakaractu.com/Ousmane-Sonko-suspend-sa-campagne-Un-de-ses-militants-accidente-a-Bignona-a-finalement-rendu-l-ame_a165451.html
13/02/19,Ziguinchor/Réaction de Ousmane Sonko après le blocage de son ...,Ousmane Sonko,https://www.dakaractu.com/Ziguinchor-Reaction-de-Ousmane-Sonko-apres-le-blocage-de-son-convoi-sur-le-pont-Emile-Badiane_a165347.html
13/02/19,Accidents des militants de Pastef : Ousmane Sonko rend visite aux ...,Ousmane Sonko,https://www.dakaractu.com/Accidents-des-militants-de-Pastef-Ousmane-Sonko-rend-visite-aux-blesses_a165363.html
13/02/19,Présidentielle 2019 : Record de mobilisation de Ousmane Sonko à ...,Ousmane Sonko,https://www.dakaractu.com/Presidentielle-2019-Record-de-mobilisation-de-Ousmane-Sonko-a-Bignona_a165364.html
13/02/19,Son cortège bloqué à Bignona / Ousmane Sonko rappelle à Macky ...,Ousmane Sonko,https://www.dakaractu.com/Son-cortege-bloque-a-Bignona-Ousmane-Sonko-rappelle-a-Macky-Sall-qu-on-ne-gouverne-pas-un-pays-par-%C2%A0un-banditisme-d_a165361.html
13/02/19,Ousmane Sonko épingle la RTS : « C'est la faute de la direction ...,Ousmane Sonko,https://www.dakaractu.com/Ousmane-Sonko-epingle-la-RTS-C-est-la-faute-de-la-direction-generale-a-Dakar-qui-cache-les-foules-immenses-que-nous_a165365.html
12/02/19,Ousmane Sonko chez le roi de Oussouye : « Nous avons été l'homme ...,Ousmane Sonko,https://www.dakaractu.com/Ousmane-Sonko-chez-le-roi-de-Oussouye-Nous-avons-ete-l-homme-politique-le-plus-diffame-mais-nous-ne-sommes-pas-ebranles_a165303.html
12/02/19,Ousmane Sonko chez le Roi d'Oussouye : « il est jeune mais pour ...,Ousmane Sonko,https://www.dakaractu.com/Ousmane-Sonko-chez-le-Roi-d-Oussouye-il-est-jeune-mais-pour-cette-premiere-il-a-un-succes-avec-cet-engouement-autour-de_a165307.html
12/02/19,Urgent : Le convoi de Ousmane Sonko bloqué au niveau du pont ...,Ousmane Sonko,https://www.dakaractu.com/Urgent-Le-convoi-de-Ousmane-Sonko-bloque-au-niveau-du-pont-Emile-Badiane-par-des-gendarmes_a165324.html
12/02/19,Meeting à Goudomp / Ousmane Sonko réitère son engagement de ...,Ousmane Sonko,https://www.dakaractu.com/Meeting-a-Goudomp-Ousmane-Sonko-reitere-son-engagement-de-faire-de-la-Casamance-naturelle-le-centre-du-Senegal_a165323.html
12/02/19,Élinkine (Casamance) / Ousmane Sonko : « Nous allons dissoudre l ...,Ousmane Sonko,https://www.dakaractu.com/Elinkine-Casamance-Ousmane-Sonko-Nous-allons-dissoudre-l-Assemblee-nationale_a165308.html
11/02/19,La mère de Ousmane Sonko s'exprime pour la première fois (VIDÉO),Ousmane Sonko,https://www.dakaractu.com/La-mere-de-Ousmane-Sonko-s-exprime-pour-la-premiere-fois-VIDEO_a165233.html
11/02/19,Ousmane Sonko à Mbour : « Nous allons proposer la journée ...,Ousmane Sonko,https://www.dakaractu.com/Ousmane-Sonko-a-Mbour-Nous-allons-proposer-la-journee-mondiale-du-Kankourang_a165173.html
11/02/19,ZIGUINCHOR / Ousmane Sonko : « La Casamance doit être le centre ...,Ousmane Sonko,https://www.dakaractu.com/ZIGUINCHOR-Ousmane-Sonko-La-Casamance-doit-etre-le-centre-du-Senegal_a165236.html
11/02/19,FATICK / Ousmane Sonko s'adressant à Macky Sall : « Fatick n'est le ...,Ousmane Sonko,https://www.dakaractu.com/FATICK-Ousmane-Sonko-s-adressant-a-Macky-Sall-Fatick-n-est-le-titre-foncier-de-personne_a165191.html
11/02/19,ZIGUINCHOR / Ousmane Sonko : « L'Université Assane Seck est un ...,Ousmane Sonko,https://www.dakaractu.com/ZIGUINCHOR-Ousmane-Sonko-L-Universite-Assane-Seck-est-un-college_a165237.html
11/02/19,Ousmane Sonko raille Benno Bokk Yaakaar : « Ils ont mobilisé ...,Ousmane Sonko,https://www.dakaractu.com/Ousmane-Sonko-raille-Benno-Bokk-Yaakaar-Ils-ont-mobilise-beaucoup-d-argent-pour-ne-rassembler-que-quelques-personnes_a165235.html
11/02/19,ZIGUINCHOR / Ousmane Sonko accueilli comme le messie ! - Dakaractu,Ousmane Sonko,https://www.dakaractu.com/ZIGUINCHOR-Ousmane-Sonko-accueilli-comme-le-messie-_a165207.html
11/02/19,Incidents de Tamba : Ousmane Sonko accuse Macky Sall - Dakaractu,Ousmane Sonko,https://www.dakaractu.com/Incidents-de-Tamba-Ousmane-Sonko-accuse-Macky-Sall_a165234.html
10/02/19,FATICK / Agression des responsables de Pastef et les mesures de ...,Ousmane Sonko,https://www.dakaractu.com/FATICK-Agression-des-responsables-de-Pastef-et-les-mesures-de-Ousmane-Sonko_a165157.html
10/02/19,RUFISQUE / Ousmane Sonko : « Vous avez le meilleur candidat et le ...,Ousmane Sonko,https://www.dakaractu.com/RUFISQUE-Ousmane-Sonko-Vous-avez-le-meilleur-candidat-et-le-meilleur-programme_a165090.html
10/02/19,"Rencontre entre Sonko et Wade : ""Ousmane Sonko trahit le peuple du ...",Ousmane Sonko,https://www.dakaractu.com/Rencontre-entre-Sonko-et-Wade-Ousmane-Sonko-trahit-le-peuple-du-23-juin-et-s-allie-au-camp-de-la-violence--Pape-Mahawa_a165122.html
10/02/19,Présidentielle 2019 / Ousmane Sonko : « Les témoignages de Wade ...,Ousmane Sonko,https://www.dakaractu.com/Presidentielle-2019-Ousmane-Sonko-Les-temoignages-de-Wade-sont-presque-un-soutien-pour-nous_a165089.html
10/02/19,Ousmane Sonko : « On va gagner ces élections car nous avons la ...,Ousmane Sonko,https://www.dakaractu.com/Ousmane-Sonko-On-va-gagner-ces-elections-car-nous-avons-la-jeunesse-avec-nous_a165093.html
10/02/19,Ousmane Sonko à Fatick : Des militants de Pastef blessés... Leur ...,Ousmane Sonko,https://www.dakaractu.com/Ousmane-Sonko-a-Fatick-Des-militants-de-Pastef-blesses-Leur-responsable-accuse-Matar-Ba_a165151.html
10/02/19,Mbour / Ousmane Sonko compatit à la douleur du cortège de Macky Sall,Ousmane Sonko,https://www.dakaractu.com/Mbour-Ousmane-Sonko-compatit-a-la-douleur-du-cortege-de-Macky-Sall_a165155.html
09/02/19,Alliance électorale en vue : Ousmane Sonko souhaite être soutenu ...,Ousmane Sonko,https://www.dakaractu.com/Alliance-electorale-en-vue-Ousmane-Sonko-souhaite-etre-soutenu-par-le-PDS_a165058.html
09/02/19,"Ousmane Sonko : ""Quand nous parlons du système, nous parlons du ...",Ousmane Sonko,https://www.dakaractu.com/Ousmane-Sonko-Quand-nous-parlons-du-systeme-nous-parlons-du-fonctionnement-de-l-Etat_a165066.html
08/02/19,Campagne électorale / Ousmane Sonko puise jusqu'à la lie de l'Ucs ...,Ousmane Sonko,https://www.dakaractu.com/Campagne-electorale-Ousmane-Sonko-puise-jusqu-a-la-lie-de-l-Ucs-de-Balde-Aio-Manga-un-baron-de-Balde-rejoint-%C2%A0Sonko_a164943.html
08/02/19,"Ousmane Sonko : « J'ai vu un meeting de BBY avec deux individus, l ...",Ousmane Sonko,https://www.dakaractu.com/Ousmane-Sonko-J-ai-vu-un-meeting-de-BBY-avec-deux-individus-l-autre-c-est-une-chevre_a164899.html
08/02/19,LOUGA / Jets de projectile lors de son meeting : Ousmane Sonko le ...,Ousmane Sonko,https://www.dakaractu.com/LOUGA-Jets-de-projectile-lors-de-son-meeting-Ousmane-Sonko-le-qualifie-de-lachete-de-la-part-du-regime-de-Macky-Sall_a164960.html
08/02/19,"Dahra / Ousmane Sonko : « Que ceux qui croient que si je suis élu, ils ...",Ousmane Sonko,https://www.dakaractu.com/Dahra-Ousmane-Sonko-Que-ceux-qui-croient-que-si-je-suis-elu-ils-vont-devenir-riches-se-trompent_a164902.html
08/02/19,"Présidentielle 2019 : Le programme ""JOTNA"" du Candidat Ousmane ...",Ousmane Sonko,https://www.dakaractu.com/Presidentielle-2019-Le-programme-JOTNA-du-Candidat-Ousmane-SONKO_a164937.html
08/02/19,Kébémer / Ousmane Sonko propose la solution aux jeunes...,Ousmane Sonko,https://www.dakaractu.com/Kebemer-Ousmane-Sonko-propose-la-solution-aux-jeunes_a165000.html
08/02/19,Meeting de Dahra / Ousmane Sonko propose la « solution » aux ...,Ousmane Sonko,https://www.dakaractu.com/Meeting-de-Dahra-Ousmane-Sonko-propose-la-solution-aux-eleveurs-de-la-localite_a164903.html
08/02/19,Guéoul : Les jeunes à cœur ouvert avec Ousmane Sonko - Dakaractu,Ousmane Sonko,https://www.dakaractu.com/Gueoul-Les-jeunes-a-coeur-ouvert-avec-Ousmane-Sonko_a164990.html
08/02/19,Campagne électorale Jour 5 : Ousmane Sonko gagne le discours ...,Ousmane Sonko,https://www.dakaractu.com/Campagne-electorale-Jour-5-Ousmane-Sonko-gagne-le-discours-panafricaniste-et-Macky-Sall-gagne-le-discours-d-influence_a164906.html
08/02/19,Dahra / Ousmane Sonko tire sur le « Macky » et le traite de ...,Ousmane Sonko,https://www.dakaractu.com/Dahra-Ousmane-Sonko-tire-sur-le-Macky-et-le-traite-de-tooyeman_a164898.html
08/02/19,Ousmane Sonko : « Je n'accepterai plus que les femmes souffrent »,Ousmane Sonko,https://www.dakaractu.com/Ousmane-Sonko-Je-n-accepterai-plus-que-les-femmes-souffrent_a164999.html
08/02/19,Ousmane Sonko prend une pause dans sa campagne électorale et ...,Ousmane Sonko,https://www.dakaractu.com/Ousmane-Sonko-prend-une-pause-dans-sa-campagne-electorale-et-rend-visite-a-Abdoulaye-Wade_a164949.html
07/02/19,«Pastef est très mal placé pour parler de valeurs. Ousmane Sonko a ...,Ousmane Sonko,https://www.dakaractu.com/Pastef-est-tres-mal-place-pour-parler-de-valeurs-Ousmane-Sonko-a-ete-incapable-de-preserver-des-secrets-d-Etat-Lass_a164840.html
07/02/19,4e journée de Campagne / Ousmane Sonko dans les cités religieuses,Ousmane Sonko,https://www.dakaractu.com/4e-journee-de-Campagne-Ousmane-Sonko-dans-les-cites-religieuses_a164820.html
07/02/19,"Dahra : « Yalla faloul kenn, nioune nioy falaté » (Ousmane Sonko)",Ousmane Sonko,https://www.dakaractu.com/Dahra-Yalla-faloul-kenn-nioune-nioy-falate-Ousmane-Sonko_a164900.html
07/02/19,Aminata Angélique Manga à Ousmane Sonko et les autres candidats ...,Ousmane Sonko,https://www.dakaractu.com/Aminata-Angelique-Manga-a-Ousmane-Sonko-et-les-autres-candidats-Lambi-mousse-djinakh-doufa-baku_a164896.html
07/02/19,Linguère / Ousmane Sonko prévient Aly Ngouille Ndiaye : « Il a peur ...,Ousmane Sonko,https://www.dakaractu.com/Linguere-Ousmane-Sonko-previent-Aly-Ngouille-Ndiaye-Il-a-peur-mais-il-va-rendre-compte_a164859.html
07/02/19,Meeting à Mbacké / Ousmane Sonko descend Moustapha Cissé Lô ...,Ousmane Sonko,https://www.dakaractu.com/Meeting-a-Mbacke-Ousmane-Sonko-descend-Moustapha-Cisse-Lo-Serigne-Touba-xamna-ni-maako-geuneu-nek-talibe-mouride_a164797.html
06/02/19,Présidentielle 2019 / Ndindi : Ousmane Sonko mise sur la jeunesse !,Ousmane Sonko,https://www.dakaractu.com/Presidentielle-2019-Ndindi-Ousmane-Sonko-mise-sur-la-jeunesse-_a164770.html
06/02/19,Présidentielle 2019 : Profession de foi du candidat Ousmane Sonko ...,Ousmane Sonko,https://www.dakaractu.com/Presidentielle-2019-Profession-de-foi-du-candidat-Ousmane-Sonko-DOCUMENT_a164771.html
06/02/19,Intrusion musclée au domicile de Ousmane Sonko à Ziguinchor : Le ...,Ousmane Sonko,https://www.dakaractu.com/Intrusion-musclee-au-domicile-de-Ousmane-Sonko-a-Ziguinchor-Le-verdict-est-tombe_a164737.html
06/02/19,Campagne électorale Jour 3 : Ousmane Sonko gagne le discours ...,Ousmane Sonko,https://www.dakaractu.com/Campagne-electorale-Jour-3-Ousmane-Sonko-gagne-le-discours-economique-et-Macky-Sall_a164722.html
06/02/19,Intrusion musclée au domicile d'Ousmane Sonko à Ziguinchor : Me ...,Ousmane Sonko,https://www.dakaractu.com/Intrusion-musclee-au-domicile-d-Ousmane-Sonko-a-Ziguinchor-Me-Diagne-l-avocat-de-la-famille-se-felicite-du-verdict_a164760.html
06/02/19,Mbacké / La leçon de Ousmane Sonko : « Beaucoup de gens croient ...,Ousmane Sonko,https://www.dakaractu.com/Mbacke-La-lecon-de-Ousmane-Sonko-Beaucoup-de-gens-croient-que-quand-on-est-politicien-la-religion-n-a-plus-d-importance_a164796.html
05/02/19,Présidentielle 2019 : Koungheul déterminée à renverser le « système ...,Ousmane Sonko,https://www.dakaractu.com/Presidentielle-2019-Koungheul-determinee-a-renverser-le-systeme-avec-Ousmane-Sonko_a164678.html
05/02/19,"Arrivé tard dans la nuit, Ousmane Sonko réveille Guinguinéo...",Ousmane Sonko,https://www.dakaractu.com/Arrive-tard-dans-la-nuit-Ousmane-Sonko-reveille-Guinguineo_a164636.html
05/02/19,Ousmane Sonko prévient les habitants de Guinguinéo sur la visite de ...,Ousmane Sonko,https://www.dakaractu.com/Ousmane-Sonko-previent-les-habitants-de-Guinguineo-sur-la-visite-de-Macky-Sall-et-de-Souleymane-Ndene-Ndiaye_a164633.html
05/02/19,Kaffrine / Ousmane Sonko s'exprime sur les incidents de Saint-Louis ...,Ousmane Sonko,https://www.dakaractu.com/Kaffrine-Ousmane-Sonko-s-exprime-sur-les-incidents-de-Saint-Louis-et-sur-la-serie-d-agressions-qu-il-impute-au-regime-de_a164699.html
05/02/19,"Portrait d'un candidat (1) – Ousmane Sonko, le chantre de l'Antisystème",Ousmane Sonko,https://www.dakaractu.com/Portrait-d-un-candidat-1-Ousmane-Sonko-le-chantre-de-l-Antisysteme_a164701.html
05/02/19,Saloum : Ousmane Sonko liste les promesses non tenues par Macky ...,Ousmane Sonko,https://www.dakaractu.com/Saloum-Ousmane-Sonko-liste-les-promesses-non-tenues-par-Macky-Sall-a-Kaolack_a164617.html
05/02/19,Présidentielle 2019 / Malem Hodar : Ousmane Sonko poussé par la ...,Ousmane Sonko,https://www.dakaractu.com/Presidentielle-2019-Malem-Hodar-Ousmane-Sonko-pousse-par-la-jeunesse-_a164713.html
04/02/19,Campagne 2019 : Moments forts de la caravane du candidat ...,Ousmane Sonko,https://www.dakaractu.com/Campagne-2019-Moments-forts-de-la-caravane-du-candidat-Ousmane-Sonko-a-Dakar_a164593.html
04/02/19,Présidentielle 2019 / En meeting Ousmane Sonko insiste : « Nous ...,Ousmane Sonko,https://www.dakaractu.com/Presidentielle-2019-En-meeting-Ousmane-Sonko-insiste-Nous-allons-renegocier-tous-les-contrats-ou-bien-les-nationaliser_a164537.html
04/02/19,Ousmane Sonko à Kaolack : « Il est temps qu'on rase ce système... »,Ousmane Sonko,https://www.dakaractu.com/Ousmane-Sonko-a-Kaolack-%C2%A0Il-est-temps-qu-on-rase-ce-systeme-%C2%A0_a164615.html
03/02/19,Le candidat Ousmane Sonko vient de lancer sa ... - Dakaractu,Ousmane Sonko,https://www.dakaractu.com/Le-candidat-Ousmane-Sonko-vient-de-lancer-sa-campagne-presidentielle_a164485.html
03/02/19,Le candidat Ousmane Sonko vient de lancer sa ... - Dakaractu,Ousmane Sonko,https://www.dakaractu.com/Le-candidat-Ousmane-Sonko-vient-de-lancer-sa-campagne-presidentielle_a164482.html
03/02/19,Campagne présidentielle 2019 : Ousmane Sonko en pleine ...,Ousmane Sonko,https://www.dakaractu.com/Campagne-presidentielle-2019-Ousmane-Sonko-en-pleine-communion-avec-les-etudiants-de-l-universite-Cheikh-Anta-Diop_a164514.html
03/02/19,Ziguinchor / Aminata Angélique Manga répond à Ousmane Sonko,Ousmane Sonko,https://www.dakaractu.com/Ziguinchor-Aminata-Angelique-Manga-repond-a-Ousmane-Sonko_a164490.html
